Age,BloodPressure,Cholesterol,HeartRate,Diagnosis
58,113,173,84,1
71,171,162,68,0
48,174,255,61,0
34,151,159,74,1
62,118,178,109,0
27,105,136,62,1
40,113,121,108,0
58,133,295,95,1
77,82,247,63,1
38,129,195,73,1
42,91,167,100,1
30,144,291,100,0
30,133,116,84,0
43,84,111,117,1
72,173,249,114,1
55,173,244,109,0
59,136,237,69,0
43,96,217,80,0
22,126,292,95,0
41,102,121,71,0
72,158,219,86,0
21,164,149,99,1
43,93,113,61,0
63,145,291,113,0
49,154,274,72,1
57,130,128,112,0
21,117,263,91,0
79,143,279,90,0
40,177,224,75,0
52,117,106,91,0
31,129,128,91,1
77,177,238,119,0
41,161,132,93,1
63,109,233,70,1
44,158,210,69,0
68,170,178,74,1
46,130,259,76,0
78,142,278,99,1
61,177,157,77,1
47,131,125,114,0
79,117,273,68,0
35,176,128,84,0
34,167,103,99,0
66,158,198,118,0
70,109,240,73,1
63,130,138,119,1
74,160,114,117,1
71,84,218,84,1
76,108,128,109,1
22,83,256,81,1
56,89,174,111,1
70,135,215,89,0
26,96,131,79,0
40,153,229,80,1
28,96,274,103,1
58,163,183,91,0
37,167,121,110,0
23,148,126,105,0
44,113,294,108,0
79,85,180,115,1
33,132,225,80,0
69,145,283,94,1
77,156,191,117,1
28,122,120,91,1
45,154,146,89,0
72,102,200,114,0
21,134,286,98,1
39,159,183,108,1
47,174,105,71,1
66,154,246,100,0
79,95,284,106,1
26,87,296,77,0
63,83,230,80,1
27,83,100,72,1
66,135,157,80,1
54,104,223,67,0
33,146,265,105,0
36,175,114,99,1
55,146,261,105,0
69,106,288,66,1
59,172,262,82,0
23,111,163,103,0
21,129,124,91,0
25,140,123,70,1
73,130,111,81,0
61,98,117,81,0
23,100,114,102,1
73,84,126,84,1
48,161,171,81,1
37,171,159,87,1
45,121,273,88,0
63,140,244,72,0
53,101,192,77,0
29,100,152,61,0
55,149,107,88,0
33,80,178,80,1
50,84,126,74,0
67,91,273,111,0
34,169,149,86,0
27,125,298,109,1
33,113,230,90,1
42,128,192,74,0
79,157,291,110,1
76,169,271,82,1
59,124,280,83,1
40,106,123,103,1
35,152,159,72,1
64,105,221,81,1
37,126,230,102,1
66,165,247,96,0
72,135,145,92,0
43,173,114,115,1
45,142,252,62,0
44,127,298,113,0
79,140,116,78,1
79,160,225,82,0
79,105,183,88,1
64,115,108,89,1
60,80,265,98,1
48,87,275,103,0
34,178,287,106,0
64,131,162,84,0
20,158,216,96,0
44,126,229,106,1
26,135,187,67,1
28,165,171,101,0
43,93,238,117,1
20,169,163,75,1
63,107,171,67,0
27,166,120,60,1
43,157,117,103,0
30,167,163,64,1
70,81,181,62,0
36,105,209,60,1
27,93,194,63,1
54,138,265,99,0
54,135,131,94,0
52,86,110,91,0
78,82,144,101,0
24,102,132,93,1
61,97,201,102,1
58,117,268,84,0
77,178,235,69,1
60,94,110,80,0
47,143,278,105,0
26,168,187,98,1
28,107,140,86,1
27,153,244,86,0
31,118,175,61,0
53,136,220,100,0
52,96,145,107,1
67,165,259,72,1
74,169,179,68,1
42,123,153,111,1
43,104,185,95,0
56,96,191,81,0
54,92,247,101,0
63,163,260,85,0
59,104,267,117,0
41,147,259,113,0
46,89,196,71,1
54,146,101,76,1
20,97,132,73,0
54,179,257,73,0
56,165,260,116,1
66,113,176,93,1
33,87,215,112,1
22,119,253,116,1
20,162,249,79,0
24,121,202,70,0
45,120,293,75,0
74,85,265,110,0
33,131,202,90,0
58,105,189,114,1
46,143,273,65,0
28,177,221,115,1
34,138,242,78,0
34,135,205,96,0
45,138,218,117,0
61,149,271,63,0
79,112,148,106,0
32,132,203,63,1
70,101,160,79,1
51,100,294,69,1
58,149,222,83,0
68,149,233,113,0
71,83,108,94,1
51,173,105,85,0
23,154,172,96,0
49,141,202,97,1
56,141,259,80,0
42,173,140,113,1
58,174,213,99,0
64,103,107,98,1
34,134,171,80,0
62,88,277,69,0
48,82,191,97,1
55,110,161,105,0
32,119,183,63,0
51,115,161,119,1
26,103,210,116,0
78,174,226,104,1
70,85,106,79,0
41,145,183,76,0
47,163,231,114,0
21,171,233,66,0
61,154,157,63,1
64,83,121,88,0
76,158,253,73,1
72,85,226,62,0
25,173,102,83,0
47,130,226,96,0
47,141,140,75,0
63,136,287,117,1
63,145,205,114,1
39,158,113,111,1
49,154,111,63,1
30,87,186,115,0
77,105,111,83,1
74,130,240,93,1
47,124,124,89,0
44,123,144,77,0
58,84,221,78,0
52,149,246,90,0
20,105,154,119,1
76,147,199,119,1
46,98,272,78,0
76,163,235,108,0
71,176,218,105,0
32,99,152,78,1
60,91,282,81,1
22,126,131,83,0
58,80,150,104,0
25,169,143,71,1
27,93,181,89,0
46,143,297,117,0
28,117,245,97,1
56,116,249,112,0
52,90,136,90,1
70,179,195,95,0
61,156,155,78,0
63,82,204,107,1
43,112,158,104,1
34,85,230,95,0
78,129,255,89,1
73,89,134,114,0
51,84,288,108,0
51,102,192,114,1
43,89,281,92,0
60,123,290,77,0
71,81,196,111,1
68,92,234,108,1
68,119,175,118,0
77,81,148,87,1
71,163,193,118,1
31,144,258,106,1
58,142,285,70,1
21,152,288,116,0
22,96,123,119,0
68,88,247,113,0
56,154,136,104,1
68,94,103,92,1
75,103,207,76,1
36,117,225,65,1
78,114,119,63,1
68,173,287,79,1
21,174,251,107,1
21,128,149,106,0
47,148,276,86,0
73,141,278,74,1
42,139,195,65,1
56,129,204,106,1
51,157,263,73,0
52,154,216,119,0
20,88,197,70,1
38,113,165,98,1
21,155,178,68,0
72,178,261,85,0
63,114,263,75,0
45,80,105,64,0
51,119,138,116,1
25,143,269,111,0
51,101,214,69,0
74,139,285,109,1
23,143,224,62,0
74,172,111,72,0
30,151,230,102,0
75,90,117,108,1
78,93,139,89,0
36,139,120,113,1
57,109,242,104,1
43,114,198,65,0
24,164,125,76,0
71,116,107,118,0
53,84,199,104,0
25,162,186,110,1
41,157,141,112,0
30,105,271,78,0
67,141,113,101,0
35,83,177,94,1
52,168,101,105,0
28,121,218,85,0
79,168,136,110,1
78,97,168,64,1
25,119,265,88,0
35,151,140,96,0
48,118,161,79,0
22,93,159,108,0
39,111,224,80,0
79,130,210,69,1
78,117,113,64,1
55,176,183,95,0
38,102,229,65,0
45,142,169,85,1
22,94,244,63,0
38,176,222,98,0
39,104,188,98,0
51,96,127,109,0
26,176,165,94,0
71,145,262,60,1
60,157,104,83,0
52,132,292,116,0
59,130,267,95,0
58,118,283,65,1
37,130,263,100,1
59,149,144,113,1
20,85,250,105,1
30,146,146,119,0
47,86,130,103,1
76,130,238,119,0
44,151,109,116,0
69,121,294,90,1
42,143,217,79,1
50,94,113,83,1
49,108,179,84,1
61,112,192,95,1
54,173,109,80,0
26,106,175,89,1
79,115,193,83,1
35,108,204,103,1
45,117,100,101,0
67,136,232,89,1
76,176,119,81,0
71,106,107,87,1
79,134,270,66,1
68,112,100,94,0
21,147,156,114,1
20,165,163,87,0
67,145,217,73,0
31,89,127,115,0
24,84,220,69,1
56,153,206,75,1
51,176,264,75,1
78,117,274,113,0
74,92,264,90,1
28,110,148,101,0
60,126,219,84,1
54,179,143,72,0
38,167,155,65,0
67,131,255,103,0
35,135,210,68,1
22,94,233,104,0
39,108,207,95,0
43,87,288,115,0
73,84,247,102,0
75,108,213,79,0
52,126,177,77,0
43,147,229,117,1
71,155,136,102,1
30,124,119,116,0
68,81,125,80,1
27,106,128,63,1
55,174,100,109,0
57,115,218,92,0
59,115,134,86,0
39,105,297,66,1
54,122,158,65,0
67,106,168,74,1
44,148,260,77,0
54,99,278,91,1
44,90,111,115,0
48,153,119,70,0
37,117,280,79,1
65,85,142,83,1
37,151,225,74,1
21,102,149,107,1
73,126,128,66,1
54,169,284,80,1
35,125,138,101,0
60,91,283,85,1
55,169,270,103,0
52,92,277,115,0
23,141,250,73,1
52,161,271,116,0
33,168,137,96,1
40,176,183,117,1
67,139,250,80,0
39,122,227,77,0
75,155,225,64,1
27,179,144,62,1
26,147,151,82,0
22,84,179,85,0
36,116,277,96,0
52,151,223,83,0
67,171,218,108,1
31,110,107,78,1
78,88,184,110,1
70,130,228,84,1
41,108,107,80,0
74,157,256,71,0
41,119,195,116,1
65,120,201,100,1
49,165,104,92,1
57,90,185,109,1
57,102,274,112,1
64,80,133,63,1
70,125,292,101,1
73,100,154,116,1
27,169,218,66,1
46,115,270,81,0
46,133,257,114,1
53,166,213,92,0
40,136,244,76,0
49,80,125,83,1
52,142,235,93,1
47,133,146,87,0
66,134,212,117,0
52,119,175,102,1
24,94,171,100,0
79,100,188,98,1
67,126,145,81,1
38,152,295,108,1
23,132,132,76,0
54,88,100,93,0
68,153,246,65,1
36,131,130,105,0
63,136,241,65,0
47,105,152,93,0
49,120,147,60,0
48,114,168,69,0
65,142,204,80,0
72,104,189,64,0
25,169,289,61,1
54,154,293,81,0
79,117,291,107,0
60,81,297,116,0
56,86,162,61,0
43,161,172,69,0
48,170,260,93,0
68,113,268,75,0
65,170,188,107,0
72,96,275,110,1
50,122,112,98,0
54,138,172,81,0
79,130,176,71,0
52,133,258,83,0
71,103,167,106,1
40,104,197,99,1
51,150,224,97,1
42,131,201,119,1
52,149,231,118,1
22,167,201,69,1
37,112,118,94,1
44,128,297,110,1
61,108,181,108,1
50,142,240,91,1
73,101,122,66,1
77,105,182,80,1
22,107,208,79,1
59,164,174,85,1
65,128,228,63,1
43,150,187,105,1
69,160,153,111,0
51,163,298,81,1
66,128,188,74,0
41,99,242,115,1
42,165,164,99,1
21,171,175,80,0
46,142,298,74,1
61,140,242,81,0
21,128,248,111,0
45,150,246,87,0
36,80,159,73,1
59,175,192,86,1
52,92,260,100,1
28,173,148,99,0
62,166,134,117,0
73,130,271,87,1
67,135,201,85,1
58,162,110,108,1
48,141,198,61,1
61,111,299,84,1
74,109,209,115,0
45,108,173,62,0
54,128,293,67,0
69,124,273,103,1
44,172,108,92,0
43,109,102,101,0
32,95,184,111,0
79,119,125,94,0
77,98,171,65,0
26,97,147,98,1
76,80,293,111,0
55,157,297,82,1
64,126,255,84,1
39,145,216,118,1
20,171,253,109,1
27,173,252,102,1
65,117,111,78,0
35,130,232,64,0
33,142,147,110,1
31,83,136,70,1
70,80,143,115,1
42,87,114,71,0
34,108,142,69,1
47,134,275,67,0
53,82,186,83,1
21,111,169,119,0
51,89,145,87,1
42,153,207,100,0
41,162,222,95,1
70,113,270,96,0
44,176,120,80,0
77,166,250,67,0
41,134,206,114,0
77,171,179,68,0
77,111,146,106,0
41,129,216,74,0
68,86,223,107,1
71,172,242,105,1
61,87,124,99,1
25,144,135,77,1
34,136,150,101,1
73,146,114,119,0
62,167,167,79,0
79,166,120,65,0
56,138,240,71,0
52,151,118,61,0
27,133,133,66,1
72,146,177,75,1
79,130,224,62,1
63,176,295,104,1
63,171,216,62,0
24,87,151,86,0
58,113,126,109,0
23,114,256,102,1
25,175,255,99,0
64,167,134,97,1
51,157,235,92,0
71,111,243,87,0
49,125,205,60,1
66,95,263,114,0
54,147,257,67,0
74,116,245,96,1
59,133,101,91,0
71,164,276,119,1
35,93,176,107,0
32,174,231,102,0
69,134,189,96,0
79,127,188,63,0
61,161,193,89,0
49,86,106,65,0
38,153,194,105,0
36,86,207,113,0
75,112,173,78,1
38,102,138,91,1
47,164,240,68,0
77,98,258,71,0
74,98,170,70,1
45,115,290,105,0
56,108,155,114,0
45,139,269,75,1
72,161,288,60,0
42,81,141,104,0
28,80,283,114,1
31,126,135,112,0
72,148,183,80,0
20,99,295,89,1
77,90,217,72,0
77,81,106,93,1
20,146,153,63,0
66,166,228,87,0
53,91,271,97,1
51,99,219,117,1
73,84,272,90,0
67,116,205,118,1
44,117,146,114,1
59,173,222,86,0
64,88,240,64,0
72,177,218,84,0
20,132,249,62,1
35,123,217,92,1
58,178,120,63,1
24,165,236,84,1
41,103,125,79,0
48,160,108,93,1
74,153,114,85,0
22,109,109,64,1
31,138,221,94,0
45,166,220,87,0
35,175,224,88,0
70,160,269,68,1
56,160,171,111,0
41,93,251,97,0
76,88,148,109,1
48,119,253,65,0
33,145,190,78,1
47,104,136,119,1
24,152,167,103,0
66,101,149,116,0
68,83,251,70,1
49,105,118,61,0
65,137,199,106,1
71,108,159,103,1
24,177,266,103,1
31,166,188,68,0
35,116,245,80,1
45,154,246,83,0
45,149,263,93,0
67,97,282,81,0
40,164,168,62,0
58,121,274,71,1
55,179,148,87,0
52,120,207,89,1
49,117,260,85,1
56,113,218,107,0
42,96,248,80,1
77,116,249,87,1
29,104,275,115,0
73,155,136,85,1
24,166,242,92,1
55,165,262,80,1
53,164,298,94,1
71,106,259,111,0
50,136,110,93,1
29,110,237,100,1
77,85,177,110,1
38,170,176,106,1
77,119,284,77,0
51,177,252,117,1
20,91,101,70,0
75,132,163,116,1
24,150,134,82,0
64,89,106,107,0
23,124,184,81,0
35,96,245,76,0
43,105,166,64,0
35,164,141,103,1
74,171,217,70,1
21,141,224,89,1
68,125,266,74,0
47,143,268,86,1
51,81,123,94,0
46,133,287,92,0
39,144,145,79,1
43,130,118,75,1
31,132,167,93,0
69,115,201,61,0
54,105,141,94,1
79,108,131,99,1
52,100,266,115,1
52,90,208,87,1
70,119,135,106,0
62,90,196,98,1
56,115,263,65,1
31,138,230,68,1
22,118,172,79,0
20,178,235,119,0
52,133,196,60,0
59,177,222,67,0
29,134,169,114,1
62,103,268,82,0
63,101,295,62,1
48,148,112,63,1
32,135,148,117,1
31,112,159,84,1
50,115,229,106,0
65,99,287,97,0
21,162,104,74,0
70,178,271,80,1
69,160,126,94,1
54,141,259,116,1
42,177,248,112,1
36,152,107,112,1
45,105,299,105,0
27,145,149,111,1
48,152,166,73,0
45,152,143,95,1
29,119,224,71,1
45,96,157,76,0
53,80,102,98,0
70,168,185,68,1
60,140,169,94,1
26,122,229,119,1
23,121,271,72,1
77,104,101,74,0
72,118,201,77,1
69,114,134,110,0
64,82,197,92,1
30,123,129,65,0
48,130,215,118,0
75,173,107,86,1
55,177,249,82,0
44,91,143,118,1
40,98,285,86,0
76,123,135,93,1
55,138,296,115,0
29,128,176,105,1
56,140,130,97,1
28,96,146,73,0
43,153,154,95,0
54,136,205,112,0
68,134,289,67,0
54,126,257,94,1
67,91,220,78,0
55,141,154,89,1
37,159,243,73,0
68,167,111,118,1
58,162,244,79,1
51,87,243,108,1
43,174,239,84,1
42,100,235,99,0
51,160,102,83,0
56,166,243,73,1
31,159,129,85,0
68,149,122,97,0
74,151,191,82,1
32,104,214,81,0
42,161,203,107,0
44,168,217,116,0
54,91,104,78,1
60,94,203,105,0
49,138,207,110,1
36,105,164,62,0
68,105,220,101,0
39,126,129,78,0
67,111,248,68,1
44,89,183,87,1
41,95,297,79,0
32,150,249,104,1
78,96,299,66,0
38,102,131,73,1
68,105,260,68,1
55,164,115,118,0
31,165,137,119,0
60,86,241,114,0
38,93,135,116,0
31,158,250,119,1
28,86,213,78,1
26,88,165,106,1
47,127,204,111,0
33,151,184,73,0
50,138,101,115,1
71,166,292,97,0
38,172,174,112,1
77,161,166,95,1
66,174,279,99,1
35,173,289,76,1
72,118,250,89,1
24,178,253,68,0
54,97,295,92,0
31,138,154,115,0
44,96,105,111,1
71,93,262,84,1
78,110,249,73,1
40,103,270,70,1
55,178,242,112,0
72,139,185,94,0
42,124,159,100,1
35,177,200,118,1
76,82,111,73,1
58,116,148,89,0
64,122,141,100,0
72,119,265,63,0
61,169,181,118,1
77,134,272,63,1
58,166,134,87,0
33,118,257,67,1
50,94,257,61,0
77,83,233,100,1
24,172,166,105,0
54,165,179,81,1
42,104,106,100,0
48,92,279,115,0
62,161,113,114,0
30,112,172,75,0
37,95,242,88,0
66,121,248,108,0
31,145,262,107,1
28,134,165,89,1
29,178,190,71,1
77,121,229,94,0
63,113,262,70,0
36,109,119,105,1
57,92,109,109,0
26,92,124,80,0
65,97,293,80,0
32,111,124,64,0
59,175,153,107,0
61,178,132,79,1
28,118,263,96,1
69,125,194,62,1
46,108,113,103,1
77,141,164,92,1
21,172,209,112,0
24,141,179,68,0
48,136,153,68,0
56,95,224,63,0
57,135,279,94,1
38,89,230,76,1
27,109,268,93,1
67,104,233,83,0
64,163,124,91,1
20,84,240,60,0
41,144,216,67,1
71,173,235,104,1
36,128,248,82,0
26,82,295,106,0
44,124,124,99,1
64,93,178,71,1
23,109,167,113,0
55,147,272,71,1
25,97,287,105,1
79,141,111,106,0
50,116,131,74,1
38,104,227,100,0
63,127,195,78,1
73,144,191,85,0
58,132,240,111,1
46,158,130,88,0
29,152,177,81,1
45,94,119,99,0
38,128,245,80,1
58,167,159,110,1
22,147,290,97,1
64,91,233,79,1
32,138,259,116,1
69,116,192,88,1
47,140,142,110,1
77,122,229,63,1
39,149,159,114,1
47,118,250,66,0
27,135,130,87,0
60,142,104,87,1
58,125,261,63,0
20,167,109,81,1
22,90,188,71,1
32,141,229,104,0
47,156,225,62,1
76,177,110,81,1
79,104,277,103,0
68,150,258,61,0
44,131,155,83,1
75,83,182,93,0
52,138,236,86,0
57,151,198,114,1
72,99,248,100,0
25,172,172,60,0
77,142,255,67,1
63,133,289,82,0
64,153,214,97,0
51,177,106,65,1
64,136,179,81,1
66,169,243,84,1
40,120,196,77,0
35,82,103,76,1
73,85,103,71,1
40,84,202,65,0
30,84,139,85,1
79,133,116,86,1
56,126,200,67,1
55,166,202,78,1
54,128,223,119,0
38,88,151,101,1
39,178,151,60,1
76,99,263,116,0
37,140,223,88,1
66,114,265,104,0
60,129,277,108,0
68,161,162,94,0
33,141,215,99,1
34,96,290,73,0
50,167,161,94,0
20,82,106,107,0
72,111,254,104,1
73,178,191,79,1
73,92,113,115,1
22,168,298,108,1
35,152,185,72,1
42,147,232,97,1
76,93,282,108,1
30,177,229,105,0
31,90,161,108,0
29,135,248,67,0
51,146,178,102,0
35,171,248,79,1
27,108,237,119,0
57,88,157,92,0
31,146,219,85,0
43,104,266,98,0
47,177,232,80,1
72,155,164,112,1
27,121,112,108,1
77,88,280,101,0
47,158,181,102,1
55,119,272,113,0
45,104,259,100,1
27,84,263,68,1
77,90,287,83,1
79,138,238,96,1
69,177,290,108,1
47,167,248,100,0
47,158,151,76,1
56,117,282,83,0
60,151,216,80,0
55,84,125,110,0
46,127,295,118,0
73,169,133,98,0
36,97,151,114,1
28,149,211,100,1
52,116,181,98,1
72,139,279,72,1
39,127,256,70,0
32,156,265,105,1
47,107,141,78,1
67,148,120,70,0
48,156,141,72,0
32,160,240,105,1
65,119,212,104,1
54,124,204,60,0
25,175,291,99,1
37,141,116,103,1
70,172,219,78,1
24,137,236,71,1
66,146,268,67,0
44,135,228,67,0
21,119,229,112,0
29,177,159,104,1
75,119,147,71,1
49,170,128,107,1
69,156,196,92,1
78,112,109,104,1
64,85,157,85,0
24,167,287,98,1
74,98,120,87,1
75,159,127,117,0
52,119,133,64,1
73,171,107,67,0
20,176,286,84,0
37,138,299,86,0
51,138,276,105,0
66,127,178,82,0
68,120,244,89,1
30,92,287,104,0
40,124,186,106,0
45,168,187,82,1
44,132,272,108,1
41,121,168,106,0
78,179,259,79,1
46,142,271,77,1
68,106,292,77,0
32,117,186,61,0
52,139,200,63,1
53,86,107,89,0
60,84,176,92,0
54,124,299,95,1
20,137,186,77,0
40,110,142,96,0
67,102,228,78,0
74,121,208,106,0
25,89,278,87,0
47,111,251,99,1
36,132,251,79,1
24,109,116,108,0
50,118,232,92,1
24,110,247,71,0
57,161,120,117,0
22,179,157,110,0
72,81,258,74,0
42,157,209,100,0
56,156,238,98,1
72,172,279,61,1
56,91,242,88,0
29,118,234,100,1
29,145,127,69,0
38,175,150,61,1
36,92,285,110,0
40,125,104,70,1
33,106,104,72,0
28,96,193,69,0
65,174,195,73,1
20,177,107,77,1
70,139,163,110,0
64,143,237,113,1
32,167,137,68,0
23,114,210,116,1
20,149,211,98,1
68,162,180,87,0
59,109,235,62,1
51,150,203,79,1
